CREATE TABLE "SYS"."USERSS" 
(   "USERNAME" VARCHAR2(255 CHAR) NOT NULL ENABLE, 
    "FIRST_NAME" VARCHAR2(255 CHAR), 
    "LAST_NAME" VARCHAR2(255 CHAR), 
    "PASSWORD" VARCHAR2(255 CHAR), 
    "ROLE" VARCHAR2(255 CHAR), 
    PRIMARY KEY ("USERNAME")
);
Insert into USERSS (USERNAME,FIRST_NAME,LAST_NAME,PASSWORD,ROLE) values ('mimidoox','Mohamed','ARRAJ','$2a$10$UE1FY/3jFtOqKZrFWtj1Mu39MIDTAye7gsXb062ngooXRnRbfCYRq','Employee');
Insert into USERSS (USERNAME,FIRST_NAME,LAST_NAME,PASSWORD,ROLE) values ('nadja','Nadja','ARRAJ','$2a$10$aMtLLpMj9KTev87x9EUoquS.0QyRP5QiSTI63d1k5nJdPTCcj/Iri','Employee');
Insert into USERSS (USERNAME,FIRST_NAME,LAST_NAME,PASSWORD,ROLE) values ('Nadjaaa','Nadja','ARRAJ','$2a$10$G3j02LvuBAcknUGPR./fYuJRig3iJUvGorHx7wQm4b3PkmclMVCIO','SupportIT');
Insert into USERSS (USERNAME,FIRST_NAME,LAST_NAME,PASSWORD,ROLE) values ('anas','Anas','BENJIMA','$2a$10$gFhRSgdy01Zde/Bks3mXjOiY1FSHPD8TdVntY6vQEPheHnoC0qqTy','SupportIT');
Insert into USERSS (USERNAME,FIRST_NAME,LAST_NAME,PASSWORD,ROLE) values ('mimid','Mimid','ARRAJ','$2a$10$UAjgWdo2ixVXR3.kWqU9yOB6ZIwuvmZrmmK7ppbS0cl39ReKTv4xq','SupportIT');
Insert into USERSS (USERNAME,FIRST_NAME,LAST_NAME,PASSWORD,ROLE) values ('imad','Imad','YAHYA','$2a$10$spGFUENZPMB4loL6s0U2b.ZGIn0iPDv47D7rteNyspXf.w2wHfNqW','SupportIT');
Insert into USERSS (USERNAME,FIRST_NAME,LAST_NAME,PASSWORD,ROLE) values ('ahmed','Ahmed','ARRAJ','$2a$10$jwEs8n32RVYlhSUjfPdD8uU3nVlDNSrE79jNErrU5xL0OI3/YyYta','Employee');

CREATE TABLE "SYS"."CATEGORY" 
(   "CATEGORY_ID" NUMBER(19,0) GENERATED BY DEFAULT AS IDENTITY NOT NULL ENABLE, 
    "TITLE" VARCHAR2(255 CHAR), 
    PRIMARY KEY ("CATEGORY_ID")
);
Insert into CATEGORY (CATEGORY_ID,TITLE) values (1,'Hardware');
Insert into CATEGORY (CATEGORY_ID,TITLE) values (2,'Software');
Insert into CATEGORY (CATEGORY_ID,TITLE) values (3,'Network');
Insert into CATEGORY (CATEGORY_ID,TITLE) values (4,'Others');


CREATE TABLE "SYS"."TICKET" 
(   "TICKET_ID" NUMBER(19,0) GENERATED BY DEFAULT AS IDENTITY NOT NULL ENABLE, 
    "CREATION_DATE" TIMESTAMP (6), 
    "DESCRIPTION" VARCHAR2(255 CHAR), 
    "PRIORITY" VARCHAR2(255 CHAR), 
    "STATUS" VARCHAR2(255 CHAR), 
    "TITLE" VARCHAR2(255 CHAR), 
    "CATEGORY_CATEGORY_ID" NUMBER(19,0), 
    "CREATED_BY_USERNAME" VARCHAR2(255 CHAR), 
    PRIMARY KEY ("TICKET_ID"),
    CONSTRAINT "FK_TICKET_CATEGORY" FOREIGN KEY ("CATEGORY_CATEGORY_ID") REFERENCES "SYS"."CATEGORY" ("CATEGORY_ID"),
    CONSTRAINT "FK_TICKET_USER" FOREIGN KEY ("CREATED_BY_USERNAME") REFERENCES "SYS"."USERSS" ("USERNAME")
);
Insert into TICKET (TICKET_ID,CREATION_DATE,DESCRIPTION,PRIORITY,STATUS,TITLE,CATEGORY_CATEGORY_ID,CREATED_BY_USERNAME) values (10,to_timestamp('25/02/25 01:54:06.944885000','DD/MM/RR HH24:MI:SSXFF'),'Unable to connect to VPN','High','New','Network Issue',2,'mimidoox');
Insert into TICKET (TICKET_ID,CREATION_DATE,DESCRIPTION,PRIORITY,STATUS,TITLE,CATEGORY_CATEGORY_ID,CREATED_BY_USERNAME) values (11,to_timestamp('25/02/25 09:17:15.460232000','DD/MM/RR HH24:MI:SSXFF'),'description1	','Low','Resolved','title1',1,'mimidoox');
Insert into TICKET (TICKET_ID,CREATION_DATE,DESCRIPTION,PRIORITY,STATUS,TITLE,CATEGORY_CATEGORY_ID,CREATED_BY_USERNAME) values (12,to_timestamp('25/02/25 09:45:10.876748000','DD/MM/RR HH24:MI:SSXFF'),'dhddldldjdkd','Low','Resolved','hdddk',3,'nadja');
Insert into TICKET (TICKET_ID,CREATION_DATE,DESCRIPTION,PRIORITY,STATUS,TITLE,CATEGORY_CATEGORY_ID,CREATED_BY_USERNAME) values (13,to_timestamp('25/02/25 19:13:34.042001000','DD/MM/RR HH24:MI:SSXFF'),'description dkdjd dkldkmd ','Medium','In Progress','Network Problem',3,'ahmed');
Insert into TICKET (TICKET_ID,CREATION_DATE,DESCRIPTION,PRIORITY,STATUS,TITLE,CATEGORY_CATEGORY_ID,CREATED_BY_USERNAME) values (21,to_timestamp('25/02/25 20:02:27.711629000','DD/MM/RR HH24:MI:SSXFF'),'hligkuh jhgkhkhlk','High','In Progress','jjbkjhkho',1,'mimidoox');




CREATE TABLE "SYS"."COMMENTT" 
(   "COMMENT_ID" NUMBER(19,0) GENERATED BY DEFAULT AS IDENTITY NOT NULL ENABLE, 
    "COMMENT_TEXT" VARCHAR2(255 CHAR), 
    "CREATED_DATE" TIMESTAMP (6), 
    "USERNAME" VARCHAR2(255 CHAR), 
    "TICKET_ID" NUMBER(19,0), 
    PRIMARY KEY ("COMMENT_ID"),
    CONSTRAINT "FK_COMMENT_USERNAME" FOREIGN KEY ("USERNAME") REFERENCES "SYS"."USERSS" ("USERNAME"),
    CONSTRAINT "FK_COMMENT_TICKET" FOREIGN KEY ("TICKET_ID") REFERENCES "SYS"."TICKET" ("TICKET_ID")
);
Insert into COMMENTT (COMMENT_ID,COMMENT_TEXT,CREATED_DATE,USERNAME,TICKET_ID) values (1,'now in progresss',to_timestamp('25/02/25 10:07:46.815848000','DD/MM/RR HH24:MI:SSXFF'),'Nadjaaa',11);
Insert into COMMENTT (COMMENT_ID,COMMENT_TEXT,CREATED_DATE,USERNAME,TICKET_ID) values (2,'je vais faire ce qu''il faut',to_timestamp('25/02/25 10:08:18.836901000','DD/MM/RR HH24:MI:SSXFF'),'Nadjaaa',11);
Insert into COMMENTT (COMMENT_ID,COMMENT_TEXT,CREATED_DATE,USERNAME,TICKET_ID) values (3,'c''est bon il nous reste que qlq minutes pour le résoudre',to_timestamp('25/02/25 10:33:20.049104000','DD/MM/RR HH24:MI:SSXFF'),'Nadjaaa',11);
Insert into COMMENTT (COMMENT_ID,COMMENT_TEXT,CREATED_DATE,USERNAME,TICKET_ID) values (4,'nous sommes en train de travailler sur votre problème',to_timestamp('25/02/25 11:03:39.515390000','DD/MM/RR HH24:MI:SSXFF'),'Nadjaaa',12);
Insert into COMMENTT (COMMENT_ID,COMMENT_TEXT,CREATED_DATE,USERNAME,TICKET_ID) values (5,'ca marche',to_timestamp('25/02/25 11:04:54.900348000','DD/MM/RR HH24:MI:SSXFF'),'Nadjaaa',10);
Insert into COMMENTT (COMMENT_ID,COMMENT_TEXT,CREATED_DATE,USERNAME,TICKET_ID) values (6,'ca va venir',to_timestamp('25/02/25 12:46:07.133270000','DD/MM/RR HH24:MI:SSXFF'),'Nadjaaa',12);
Insert into COMMENTT (COMMENT_ID,COMMENT_TEXT,CREATED_DATE,USERNAME,TICKET_ID) values (7,'gkhjhkhjv',to_timestamp('25/02/25 13:35:30.847855000','DD/MM/RR HH24:MI:SSXFF'),'Nadjaaa',11);
Insert into COMMENTT (COMMENT_ID,COMMENT_TEXT,CREATED_DATE,USERNAME,TICKET_ID) values (8,'okay',to_timestamp('25/02/25 15:30:17.966783000','DD/MM/RR HH24:MI:SSXFF'),'mimidoox',11);
Insert into COMMENTT (COMMENT_ID,COMMENT_TEXT,CREATED_DATE,USERNAME,TICKET_ID) values (9,'probleme resolue',to_timestamp('25/02/25 17:46:05.919628000','DD/MM/RR HH24:MI:SSXFF'),'imad',12);
Insert into COMMENTT (COMMENT_ID,COMMENT_TEXT,CREATED_DATE,USERNAME,TICKET_ID) values (10,'d''accord on va le résoudre',to_timestamp('25/02/25 19:14:17.460752000','DD/MM/RR HH24:MI:SSXFF'),'imad',13);
Insert into COMMENTT (COMMENT_ID,COMMENT_TEXT,CREATED_DATE,USERNAME,TICKET_ID) values (11,'j''ai vu c''est un problème de ..',to_timestamp('25/02/25 19:16:02.434166000','DD/MM/RR HH24:MI:SSXFF'),'Nadjaaa',13);
Insert into COMMENTT (COMMENT_ID,COMMENT_TEXT,CREATED_DATE,USERNAME,TICKET_ID) values (21,'HKHLH KJ',to_timestamp('25/02/25 20:03:36.472112000','DD/MM/RR HH24:MI:SSXFF'),'Nadjaaa',21);



CREATE TABLE "SYS"."AUDIT_LOG" 
(   "AUDIT_ID" NUMBER(19,0) GENERATED BY DEFAULT AS IDENTITY NOT NULL ENABLE, 
    "ACTION" VARCHAR2(255 CHAR), 
    "CHANGE_DATE" TIMESTAMP (6), 
    "CHANGED_BY" VARCHAR2(255 CHAR), 
    "NEW_VALUE" VARCHAR2(255 CHAR), 
    "OLD_VALUE" VARCHAR2(255 CHAR), 
    "TICKET_ID" NUMBER(19,0), 
    "COMMENT_TEXT" VARCHAR2(255 CHAR), 
    PRIMARY KEY ("AUDIT_ID")
);
Insert into AUDIT_LOG (AUDIT_ID,ACTION,CHANGE_DATE,CHANGED_BY,NEW_VALUE,OLD_VALUE,TICKET_ID,COMMENT_TEXT) values (1,'Status Change',to_timestamp('25/02/25 11:03:39.483917000','DD/MM/RR HH24:MI:SSXFF'),'Nadja ARRAJ','In Progress','New',12, null);
Insert into AUDIT_LOG (AUDIT_ID,ACTION,CHANGE_DATE,CHANGED_BY,NEW_VALUE,OLD_VALUE,TICKET_ID,COMMENT_TEXT) values (2,'New comment',to_timestamp('25/02/25 11:03:39.522171000','DD/MM/RR HH24:MI:SSXFF'),'Nadja ARRAJ', null, null,12,'nous sommes en train de travailler sur votre problème');
Insert into AUDIT_LOG (AUDIT_ID,ACTION,CHANGE_DATE,CHANGED_BY,NEW_VALUE,OLD_VALUE,TICKET_ID,COMMENT_TEXT) values (3,'Status Change',to_timestamp('25/02/25 11:04:54.888512000','DD/MM/RR HH24:MI:SSXFF'),'Nadja ARRAJ','New','New',10, null);
Insert into AUDIT_LOG (AUDIT_ID,ACTION,CHANGE_DATE,CHANGED_BY,NEW_VALUE,OLD_VALUE,TICKET_ID,COMMENT_TEXT) values (4,'New comment',to_timestamp('25/02/25 11:04:54.908085000','DD/MM/RR HH24:MI:SSXFF'),'Nadja ARRAJ', null, null,10,'ca marche');
Insert into AUDIT_LOG (AUDIT_ID,ACTION,CHANGE_DATE,CHANGED_BY,NEW_VALUE,OLD_VALUE,TICKET_ID,COMMENT_TEXT) values (5,'Status Change',to_timestamp('25/02/25 12:05:09.125994000','DD/MM/RR HH24:MI:SSXFF'),'Nadja ARRAJ','Resolved','In Progress',11, null);
Insert into AUDIT_LOG (AUDIT_ID,ACTION,CHANGE_DATE,CHANGED_BY,NEW_VALUE,OLD_VALUE,TICKET_ID,COMMENT_TEXT) values (6,'Status Change',to_timestamp('25/02/25 12:46:07.104011000','DD/MM/RR HH24:MI:SSXFF'),'Nadja ARRAJ','In Progress','In Progress',12, null);
Insert into AUDIT_LOG (AUDIT_ID,ACTION,CHANGE_DATE,CHANGED_BY,NEW_VALUE,OLD_VALUE,TICKET_ID,COMMENT_TEXT) values (7,'New comment',to_timestamp('25/02/25 12:46:07.142444000','DD/MM/RR HH24:MI:SSXFF'),'Nadja ARRAJ', null, null,12,'ca va venir');
Insert into AUDIT_LOG (AUDIT_ID,ACTION,CHANGE_DATE,CHANGED_BY,NEW_VALUE,OLD_VALUE,TICKET_ID,COMMENT_TEXT) values (8,'Status Change',to_timestamp('25/02/25 13:35:30.818918000','DD/MM/RR HH24:MI:SSXFF'),'Nadja ARRAJ','Resolved','Resolved',11, null);
Insert into AUDIT_LOG (AUDIT_ID,ACTION,CHANGE_DATE,CHANGED_BY,NEW_VALUE,OLD_VALUE,TICKET_ID,COMMENT_TEXT) values (9,'New comment',to_timestamp('25/02/25 13:35:30.858111000','DD/MM/RR HH24:MI:SSXFF'),'Nadja ARRAJ', null, null,11,'gkhjhkhjv');
Insert into AUDIT_LOG (AUDIT_ID,ACTION,CHANGE_DATE,CHANGED_BY,NEW_VALUE,OLD_VALUE,TICKET_ID,COMMENT_TEXT) values (10,'Status Change',to_timestamp('25/02/25 15:30:17.938567000','DD/MM/RR HH24:MI:SSXFF'),'Mohamed ARRAJ','Resolved','Resolved',11, null);
Insert into AUDIT_LOG (AUDIT_ID,ACTION,CHANGE_DATE,CHANGED_BY,NEW_VALUE,OLD_VALUE,TICKET_ID,COMMENT_TEXT) values (11,'New comment',to_timestamp('25/02/25 15:30:17.976771000','DD/MM/RR HH24:MI:SSXFF'),'Mohamed ARRAJ', null, null,11,'okay');
Insert into AUDIT_LOG (AUDIT_ID,ACTION,CHANGE_DATE,CHANGED_BY,NEW_VALUE,OLD_VALUE,TICKET_ID,COMMENT_TEXT) values (12,'Status Change',to_timestamp('25/02/25 17:46:05.897899000','DD/MM/RR HH24:MI:SSXFF'),'Imad YAHYA','Resolved','In Progress',12, null);
Insert into AUDIT_LOG (AUDIT_ID,ACTION,CHANGE_DATE,CHANGED_BY,NEW_VALUE,OLD_VALUE,TICKET_ID,COMMENT_TEXT) values (13,'New comment',to_timestamp('25/02/25 17:46:05.929334000','DD/MM/RR HH24:MI:SSXFF'),'Imad YAHYA', null, null,12,'probleme resolue');
Insert into AUDIT_LOG (AUDIT_ID,ACTION,CHANGE_DATE,CHANGED_BY,NEW_VALUE,OLD_VALUE,TICKET_ID,COMMENT_TEXT) values (14,'Status Change',to_timestamp('25/02/25 17:46:14.435847000','DD/MM/RR HH24:MI:SSXFF'),'Imad YAHYA','Resolved','Resolved',11, null);
Insert into AUDIT_LOG (AUDIT_ID,ACTION,CHANGE_DATE,CHANGED_BY,NEW_VALUE,OLD_VALUE,TICKET_ID,COMMENT_TEXT) values (15,'Status Change',to_timestamp('25/02/25 19:14:17.450811000','DD/MM/RR HH24:MI:SSXFF'),'Imad YAHYA','In Progress','New',13, null);
Insert into AUDIT_LOG (AUDIT_ID,ACTION,CHANGE_DATE,CHANGED_BY,NEW_VALUE,OLD_VALUE,TICKET_ID,COMMENT_TEXT) values (16,'New comment',to_timestamp('25/02/25 19:14:17.468343000','DD/MM/RR HH24:MI:SSXFF'),'Imad YAHYA', null, null,13,'d''accord on va le résoudre');
Insert into AUDIT_LOG (AUDIT_ID,ACTION,CHANGE_DATE,CHANGED_BY,NEW_VALUE,OLD_VALUE,TICKET_ID,COMMENT_TEXT) values (17,'Status Change',to_timestamp('25/02/25 19:16:02.423277000','DD/MM/RR HH24:MI:SSXFF'),'Nadja ARRAJ','In Progress','In Progress',13, null);
Insert into AUDIT_LOG (AUDIT_ID,ACTION,CHANGE_DATE,CHANGED_BY,NEW_VALUE,OLD_VALUE,TICKET_ID,COMMENT_TEXT) values (18,'New comment',to_timestamp('25/02/25 19:16:02.441292000','DD/MM/RR HH24:MI:SSXFF'),'Nadja ARRAJ', null, null,13,'j''ai vu c''est un problème de ..');
Insert into AUDIT_LOG (AUDIT_ID,ACTION,CHANGE_DATE,CHANGED_BY,NEW_VALUE,OLD_VALUE,TICKET_ID,COMMENT_TEXT) values (21,'Status Change',to_timestamp('25/02/25 20:03:36.448483000','DD/MM/RR HH24:MI:SSXFF'),'Nadja ARRAJ','In Progress','New',21, null);
Insert into AUDIT_LOG (AUDIT_ID,ACTION,CHANGE_DATE,CHANGED_BY,NEW_VALUE,OLD_VALUE,TICKET_ID,COMMENT_TEXT) values (22,'New comment',to_timestamp('25/02/25 20:03:36.484999000','DD/MM/RR HH24:MI:SSXFF'),'Nadja ARRAJ', null, null,21,'HKHLH KJ');
